English,Chinese
the,这
of,的
and,和
in,在
to,到
was,曾是
is,是
for,为了
on,在
as,作为
with,和
by,经过
he,他
that,那
at,在
from,从
his,他的
it,它
an,一个
were,是
which,哪一个
are,是
this,这个
also,还
be,是
had,有
or,或者
has,已
first,第一的
their,他们的
after,后
its,它的
one,一
new,新的
but,但
who,WHO
her,她
not,不是
she,她
they,他们
have,有
two,二
been,是
other,其他
when,什么时候
during,期间
all,全部
into,进入
there,那里
time,时间
may,可能
more,更多的
school,学校
years,年
over,超过
only,只要
would,将
later,之后
most,最多
where,在哪里
between,之间
some,一些
up,向上
world,世界
city,城市
national,国民
about,关于
such,这样的
him,他
then,然后
made,制作
out,出去
state,状态
three,三
while,尽管
used,用过的
university,大学
can,能够
united,联合的
under,在下面
known,众所周知
season,季节
many,许多
year,年
part,部分
became,变成了
born,出生
film,电影
these,这些
than,比
team,团队
no,不
second,第二
including,包含
states,状态
being,存在
through,通过
before,前
both,两个都
american,美国人
south,南
early,早期的
war,战争
history,历史
against,反对
however,然而
family,家庭
until,直到
well,好
since,自从
them,他们
work,工作
life,生活
following,下列的
area,区域
people,人们
series,系列
north,北
name,姓名
career,职业
album,专辑
music,音乐
played,玩
group,团体
district,区
number,数字
several,一些
high,高的
released,发布
county,县
de,德
company,公司
called,叫
will,将要
league,联盟
won,韩元
four,四
house,房子
government,政府
each,每个
march,行进
same,相同的
game,游戏
international,国际的
september,九月
january,一月
club,俱乐部
found,成立
june,六月
october,十月
began,开始
located,位于
july,七月
so,所以
west,西
use,用
august,八月
now,现在
college,大学
john,约翰
station,车站
population,人口
april,四月
public,民众
home,家
end,结尾
november,十一月
member,成员
place,地方
general,一般的
town,镇
former,以前的
december,十二月
church,教会
if,如果
age,年龄
held,握住
named,命名为
system,系统
because,因为
york,约克
took,拿
day,日
river,河
around,大约
football,足球
british,英国人
line,线
east,东
local,当地的
any,任何
song,歌曲
due,到期的
along,沿着
service,服务
party,派对
best,最好的事物
february,二月
served,服务
did,做过
back,背部
another,其他
based,基于
could,可以
within,之内
received,已收到
century,世纪
village,村庄
built,建造
members,成员
building,建筑
major,重大的
final,最终的
show,展示
games,游戏
although,虽然
include,包括
species,物种
death,死亡
band,乐队
small,小的
main,主要的
left,剩下
president,总统
said,说过
published,发表
died,死了
large,大的
last,最后的
five,五
order,命令
st,英石
single,单身的
set,放
third,第三
own,自己的
those,那些
education,教育
according,根据
included,包括
long,长
very,非常
park,公园
still,仍然
road,路
army,军队
division,分配
book,书
development,发展
among,之中
law,法律
often,经常
french,法语
moved,搬了
times,时代
community,社区
central,中央
led,引领
english,英语
original,原来的
son,儿子
children,孩子们
different,不同的
near,靠近
just,只是
top,最佳
late,晚了
again,再次
water,水
air,空气
great,伟大的
center,中央
form,形式
much,很多
research,研究
side,边
us,我们
art,艺术
court,法庭
play,玩
down,下
off,离开
even,甚至
council,议理
german,德语
street,街道
record,记录
power,力量
established,已确立的
ii,II
london,伦敦
land,土地
cup,杯子
having,拥有
title,标题
started,开始
support,支持
political,政治的
students,学生们
award,奖
military,军队
period,时期
came,来了
went,去
production,生产
white,白色的
way,道路
given,给予
island,岛
make,制作
next,下一个
role,角色
television,电视
region,地区
works,作品
total,全部的
championship,锦标赛
using,使用
various,各种各样的
head,头
six,六
do,做
player,播放器
become,变得
father,父亲
list,列表
business,商业
western,西
produced,制作
director,导向器
married,已婚
program,程序
association,协会
england,英国
field,场地
worked,工作
election,选举
black,黑色的
department,部门
joined,加入
announced,宣布
created,创造了
point,观点
returned,回来
professional,专业的
union,联盟
written,书面
few,很少
you,你
young,年轻
without,没有
take,拿
described,描述
site,地点
royal,皇室
services,服务
radio,收音机
together,一起
social,社会的
force,力量
northern,北方
per,每
founded,成立
act,行为
though,尽管
society,社会
wrote,写道
further,更远
women,女性
days,天
lost,丢失
continued,继续
design,设计
william,威廉
every,每一个
version,版本
project,项目
summer,夏天
live,居住
men,男子
man,男人
european,欧洲的
we,我们
southern,南部
position,位置
board,木板
india,印度
france,法国
round,圆形的
railway,铁路
open,打开
level,等级
considered,经过考虑的
control,控制
opened,打开
run,跑
australia,澳大利亚
recorded,记录
important,重要的
san,旧
once,一次
video,视频
california,加利福尼亚州
special,特别的
win,赢
popular,受欢迎的
appeared,出现了
match,比赛
release,释放
common,常见的
battle,战斗
areas,地区
hall,大厅
event,事件
working,在职的
records,记录
james,詹姆士
formed,形成
right,对
playing,玩
see,看
average,平均数
others,其他
short,短的
similar,相似的
teams,队
elected,选举
george,乔治
currently,目前
making,制作
example,例子
awards,奖项
construction,建造
story,故事
living,生活
red,红色的
originally,起初
debut,亮相
race,种族
language,语
forces,势力
lead,带领
la,LA.
signed,签
developed,发达
modern,现代的
appointed,任命
case,案件
addition,添加
police,警察
wife,妻子
result,结果
minister,部长
schools,学校
events,活动
america,美国
route,路线
little,小的
lake,湖
canada,加拿大
himself,他自己
songs,歌曲
current,当前的
upon,之上
how,如何
points,点
rock,岩石
present,展示
never,绝不
free,自由
science,科学
information,信息
health,健康
training,训练
class,班级
throughout,始终
track,追踪
good,好的
media,媒体
museum,博物馆
across,穿过
australian,澳大利亚
human,人类
census,普查
indian,印度人
style,风格
personal,个人的
love,爱
germany,德国
available,可用的
province,省
tour,旅游
away,离开
eventually,最终
body,身体
despite,尽管
eastern,东
sold,卖
committee,委员会
performance,表现
players,玩家
features,特征
festival,节日
coach,教练
should,应该
return,返回
taken,拍摄
sea,海
seven,七
centre,中心
followed,跟着
designed,设计
performed,执行
official,官方的
david,大卫
less,较少的
gave,给了
months,几个月
finished,完成的
daughter,女儿
process,过程
refer,参考
study,学习
europe,欧洲
institute,研究所
stage,阶段
term,学期
range,范围
chief,首席
fire,火
does,做
rights,权
completed,完全的
arts,艺术
half,一半
remained,仍然是
largest,最大
mother,母亲
character,特点
includes,包括
civil,民用
private,私人的
light,光
leading,领导
reported,报道
network,网络
help,帮助
usually,通常
seen,看
groups,团体
studies,学习
featured,特色
federal,联邦
full,满的
episode,插曲
thus,因此
academy,学院
night,夜晚
competition,竞赛
women's,女性的
space,空间
get,得到
instead,反而
china,中国
must,必须
robert,罗伯特
japanese,日本人
go,走
washington,华盛顿
front,正面
uk,英国
directed,指导
tournament,比赛
my,我的
thomas,托马斯
news,消息
books,图书
brother,兄弟
involved,涉及
campaign,活动
independent,独立的
either,任何一个
model,模型
countries,国家
awarded,颁发
able,有能力的
japan,日本
sports,运动的
charles,查尔斯
gold,金子
section,部分
capital,首都
kingdom,王国
close,关闭
middle,中间
added,添加
fourth,第四
sent,发送
movement,移动
eight,八
studio,工作室
previous,以前的
provided,假如
conference,会议
above,以上
soon,很快
today,今天
grand,盛大
magazine,杂志
canadian,加拿大人
replaced,更换
aircraft,飞机
change,改变
films,电影
ten,十
medical,医疗的
organization,组织
bank,银行
historic,历史性
coast,海岸
killed,死亡
management,管理
degree,程度
rather,相当
industry,行业
russian,俄语
professor,教授
chinese,中国人
action,行动
car,车
senior,高级的
systems,系统
green,绿色
bridge,桥
technology,技术
almost,几乎
shows,表明
big,大
lower,降低
week,星期
success,成功
writing,写作
base,根据
data,数据
families,家庭
post,邮政
least,至少
market,市场
primary,基本的
female,女性
reached,到达
beginning,开始
valley,谷
ground,地面
type,类型
stated,陈述
tv,电视
operations,运营
attack,攻击
hospital,医院
saw,锯
approximately,大约
paul,保罗
culture,文化
republic,共和国
size,尺寸
previously,之前
decided,决定
introduced,介绍
hill,爬坡道
buildings,建筑物
championships,锦标赛
provide,提供
native,本国的
successful,成功的
outside,外部
parts,部分
via,通过
theatre,剧院
placed,放置
behind,在后面
bay,湾
sometimes,有时
los,洛杉矶
prior,事先的
natural,自然
active,积极的
future,未来
scored,得分
italian,意大利人
africa,非洲
spanish,西班牙语
attended,参加
put,放
listed,上市
brought,带来
regional,区域
structure,结构体
units,单位
michael,迈克尔
possible,可能的
henry,亨利
municipality,市
higher,更高
start,开始
collection,收藏
regular,常规的
star,星星
results,结果
square,正方形
interest,兴趣
leader,领导者
economic,经济的
especially,尤其
contract,合同
too,也
trade,贸易
texas,德克萨斯州
goal,目标
below,以下
winning,赢得
officer,官
foreign,外国的
generally,一般来说
operation,手术
runs,跑
medal,勋章
changed,改变了
taking,服用
novel,小说
staff,职员
significant,重大
real,真实的
standard,标准
far,远的
limited,有限的
traditional,传统的
african,非洲人
come,来
initially,最初
itself,本身
location,地点
commission,委员会
roman,罗马
me,我
artist,艺术家
christian,基督教
plays,扮演
money,钱
parliament,议会
food,食物
hit,打
governor,州长
low,低的
defeated,击败
energy,活力
student,学生
strong,强的
towards,向
notable,值得注意的
child,孩子
assembly,集会
owned,拥有
catholic,天主教
course,课程
commercial,商业的
ship,船
foundation,基础
channel,渠道
allowed,允许
represented,代表
property,财产
places,地点
navy,海军
unit,单元
ended,结束了
annual,年度的
command,命令
paris,巴黎
km,km.
library,图书馆
companies,公司
whom,谁
met,遇见
ever,曾经
activities,活动
spent,花费
plan,计划
numerous,很多的
blue,蓝色
earlier,早些时候
means,方法
highway,高速公路
dr,博士
required,必需的
musical,音乐
additional,额外的
practice,实践
bill,账单
noted,著名的
mountain,山
airport,飞机场
ireland,爱尔兰
plant,植物
security,安全
income,收入
issues,问题
associated,联系
manager,经理
artists,艺术家
related,有关的
access,使用权
brown,棕色的
running,跑步
peter,彼得
individual,个人
richard,理查德
older,年长
victory,胜利
opening,开幕式
programs,程式
past,过去的
report,报告
sound,声音
press,按
woman,女士
finally,最后
find,找
background,背景
policy,政策
our,我们的
youth,青年
financial,金融
date,日期
executive,行政人员
launched,推出
soviet,苏维埃
administration,行政
historical,历史
closed,关闭
here,这里
mark,标记
captain,队长
basketball,篮球
lived,生活
ran,跑
better,更好的
edition,版
famous,著名的
contains,包含
chicago,芝加哥
subsequently,随后
move,移动
selected,选择
already,已经
legal,合法的
rural,乡村的
religious,宗教
studied,学习
entered,进入
cultural,文化
lines,线
person,人
test,测试
appearance,外貌
complete,完全的
increased,增加
rest,休息
men's,男士的
zealand,西兰
secretary,秘书
complex,复杂的
seat,座位
changes,变化
matches,火柴
majority,多数
room,房间
loss,损失
terms,术语
review,审查
empire,帝国
mission,使命
virginia,弗吉尼亚州
angeles,安吉利斯
olympics,奥运会
italy,意大利
highest,最高
stadium,体育场
becoming,变得
goals,目标
starting,开始
wide,宽的
characters,人物
writer,作家
particularly,特别
fact,事实
mostly,大多
mexico,墨西哥
thought,想法
hours,小时
stone,石头
retired,退休
recording,记录
going,去
give,给
feature,特征
cross,叉
smith,史密斯
author,作者
operated,经营
sir,先生
recent,最近的
status,地位
chart,图表
theory,理论
greek,希腊语
islands,岛屿
caused,造成的
entire,全部的
got,得到了
remains,遗迹
nine,九
engine,引擎
source,来源
genus,Genus.
forced,强迫
issue,问题
singles,单打
evidence,证据
meeting,会议
congress,国会
port,港口
variety,种类
pennsylvania,宾夕法尼亚州
forest,森林
lord,主
uses,用途
particular,特定
key,钥匙
supported,支持的
word,单词
create,创建
relationship,关系
overall,总体
hand,手
democratic,民主党人
certain,肯定
castle,城堡
biography,传
nature,自然
mary,玛丽
names,名称
fort,堡
parish,教区
decision,决定
serving,服务
score,分数
cover,覆盖
wales,威尔士
singer,歌手
need,需要
material,材料
shown,显示
florida,佛罗里达
upper,上
referred,提到
larger,较大
marriage,婚姻
length,长度
leaving,离开
weeks,周
movie,电影
raised,提高
rate,速度
justice,正义
fall,落下
always,总是
minutes,分钟
junior,初级
competed,竞争
stations,站
turn,转动
irish,爱尔兰人
temple,寺庙
cases,案件
era,时代
individuals,个人
township,乡
claimed,声称
friends,朋友们
van,班车
earned,赢得
failed,失败的
sister,姐姐
deal,交易
increase,增加
helped,帮
takes,需要
houses,房屋
themselves,他们自己
forms,形式
seasons,季节
ancient,古老的
troops,军队
believed,相信
elections,选举
presented,提出了
offered,提供
train,火车
composed,组成
shot,射击
care,关心
cities,城市
longer,较长
pacific,太平洋
tracks,轨道
products,产品
fight,斗争
engineering,工程
mainly,主要是
chairman,主席
provides,提供
fellow,同胞
bishop,主教
plot,阴谋
experience,经验
stars,星星
prince,王子
actor,演员
dance,舞蹈
effect,影响
nearly,几乎
therefore,所以
consists,包括
broadcast,播送
cast,投掷
separate,分离
winter,冬天
prime,主要的
saint,圣
camp,营
male,男性
administrative,行政的
surface,表面
carried,携带的
influence,影响
husband,丈夫
subject,主题
creek,溪
baseball,棒球
assistant,助手
response,回复
problems,问题
remaining,其余的
heart,心
fifth,第五
oil,油
producer,生产者
month,月
friend,朋友
done,完毕
joseph,约瑟夫
proposed,建议的
spain,西班牙
branch,分支
silver,银
greater,较大
turned,转身
nearby,附近
champion,冠军
cost,成本
plans,计划
meaning,意义
jewish,犹太人
it's,它是
appears,出现
nations,国家
heavy,重的
critical,危急
god,上帝
mr,先生
males,男性
minor,次要的
acquired,获得
russia,俄罗斯
view,看法
parents,父母
distribution,分配
multiple,多
poland,波兰
miles,里程
graduated,毕业
attempt,试图
spring,春天
border,边界
promoted,晋升
louis,路易斯
enough,足够的
females,女性
territory,领土
appearances,外表
digital,数字的
hockey,曲棍球
politician,政治家
article,文章
responsible,负责任的
hotel,酒店
constructed,建
queen,女王
transport,运输
conditions,状况
vote,投票
lives,生命
albums,专辑
ships,船
might,可能
prize,奖
academic,学术的
specific,具体的
whether,无论
residents,居民
households,家庭
projects,项目
ice,冰
regiment,一团
corps,兵团
authority,权威
yet,然而
housing,住房
managed,管理
cause,原因
face,脸
stories,故事
daily,日常的
lies,谎言
br,布尔
direct,直接的
asked,问
serve,服务
primarily,主要是
campus,校园
leave,离开
call,称呼
arrived,到达的
edward,爱德华
rule,规则
brothers,兄弟
ministry,部
elements,元素
tower,塔
makes,做
discovered,发现
computer,计算机
master,掌握
iii,III
facilities,设施
inside,里面
extended,延长
carolina,卡罗莱纳州
told,告诉
rugby,r
reception,接待
whole,所有的
median,中位数
dutch,荷兰人
covered,覆盖
allow,允许
journal,杂志
physical,身体的
martin,马丁
mayor,市长
levels,水平
wanted,通缉
directly,直接地
description,描述
function,功能
newspaper,报纸
pass,经过
estate,财产
issued,发布
officers,长官
value,价值
latin,拉丁
latter,后者
literature,文学
contemporary,当代的
recently,最近
secondary,中学
growth,生长
speed,速度
global,全球的
flight,航班
drama,戏剧
defense,防御
words,字
britain,英国
commander,指挥官
idea,主意
races,比赛
shortly,不久
marine,mar
formerly,以前
formation,形成
transferred,转入
immediately,立即地
highly,高度
label,标签
likely,可能
saying,说
senate,参议院
prominent,著名的
republican,共和党人
wall,墙
scene,场景
officially,正式
earth,地球
corporation,公司
references,参考
percent,百分
typically,通常
dead,死的
settlement,沉降
beach,海滩
scotland,苏格兰
effects,效果
online,在线的
peace,和平
reserve,预订
soldiers,士兵
agreement,协议
renamed,重新命名
treatment,治疗
sources,来源
voice,语音
produce,生产
moving,移动
naval,海军
dark,黑暗的
participated,参加
workers,工人
initial,最初的
urban,城市的
smaller,较小
hot,热的
code,代码
host,主持人
appear,出现
quickly,迅速地
emperor,皇帝
commonly,常见
industrial,工业的
grew,gr
your,您的
candidate,候选人
types,类型
quality,质量
asian,亚洲人
paper,纸
racing,赛车
avenue,大街
lack,缺少
divided,分为
continue,继续
basis,基础
lee,李
boston,波士顿
ohio,俄亥俄州
wing,翅膀
footballer,足球运动员
clubs,俱乐部
probably,大概
editor,编辑
poor,贫穷的
comes,来了
alongside,沿着
activity,活动
francisco,弗朗西斯科
jersey,球衣
format,格式
intended,故意的
TRUE,真的
politics,政治
al,AL.
memorial,纪念馆
metal,金属
judge,法官
affairs,事务
languages,语言
rules,规则
software,软件
farm,农场
ordered,订购
cut,切
dedicated,投入的
conducted,实施
revealed,透露
follows,换
efforts,努力
acting,表演
focus,重点
super,极好的
combined,合并
michigan,密歇根州
operating,操作
fleet,舰队
winner,优胜者
planned,计划
capacity,容量
removed,删除了
el,el
scottish,苏格兰人
mass,大量的
opera,歌剧
architecture,建筑学
prison,监狱
positive,积极的
leaders,领导者
register,登记
advanced,先进的
grade,年级
keep,保持
meet,遇见
communities,社区
columbia,哥伦比亚
entertainment,娱乐
equipment,设备
job,工作
purchased,购买
potential,潜在的
girl,女孩
economy,经济
featuring,特色
jr,j
crew,全体人员
reach,抵达
method,方法
giving,给予
direction,方向
jack,杰克
environment,环境
solo,独奏
relations,关系
widely,广泛
jones,琼斯
product,产品
squadron,中队
offers,优惠
asia,亚洲
letter,信
organized,组织
mount,山
store,店铺
assigned,分配
stop,停止
infantry,步兵
needed,需要
headquarters,总部
trial,审判
destroyed,摧毁
attention,注意力
drive,驾驶
protection,保护
coming,未来
exchange,交换
compared,比较的
episodes,剧集
ability,能力
concept,概念
leaves,树叶
build,建造
defeat,打败
charge,收费
analysis,分析
except,除了
forward,向前
largely,大部分
cars,汽车
comedy,喜剧
join,加入
adopted,采用
serves,供应
website,网站
technical,技术的
agency,机构
roles,角色
gas,气体
double,双倍的
gained,获得
distance,距离
approach,方法
clear,清除
morning,早晨
amount,数量
georgia,乔治亚州
guitar,吉他
reviews,评论
champions,冠军
supreme,最高
hold,抓住
floor,地面
estimated,估计的
polish,抛光
golden,金的
blood,血液
accepted,公认
models,楷模
bbc,BBC.
captured,捕获
alexander,亚历山大
organizations,组织
actress,演员
sydney,悉尼
railroad,铁路
firm,公司
actually,实际上
respectively,分别
heritage,遗产
safety,安全
alone,独自的
travel,旅行
agreed,同意
tax,税
declared,宣称
applied,应用
iron,铁
density,密度
problem,问题
figure,数字
cricket,蟋蟀
notes,笔记
sun,太阳
principal,主要的
block,堵塞
johnson,约翰逊
williams,威廉姆斯
israel,以色列
things,事物
wood,木头
impact,影响
situated,位于
hard,难的
fighting,斗争
sales,销售量
fell,fell
pressure,压力
know,知道
positions,姿势
suffered,遭到
mixed,混合
premier,总理
recognized,认识到
frank,坦率
teaching,教学
joint,联合的
fish,鱼
titles,题目
sons,s
illinois,伊利诺伊州
color,颜色
climate,气候
independence,独立
knowledge,知识
traffic,交通
bus,公共汽车
plants,植物
feet,脚
difficult,难的
mountains,山
duke,公爵
tree,树
account,帐户
parties,派对
pay,支付
olympic,奥林匹克
arms,武器
deputy,副
occurred,发生了
girls,女孩们
geography,地理
remain,保持
content,内容
rose,玫瑰
creation,创建
yards,码头
platform,平台
presence,在场
performances,表演
draft,草案
resources,资源
iran,伊朗
growing,生长
resulted,导致
representatives,代表
hosted,托管
mm,毫米
continues,继续
draw,画
teacher,老师
titled,标题为
expanded,扩展
sites,遗址
honor,荣誉
tom,汤姆
mentioned,提及
critics,批评者
spread,传播
table,桌子
scoring,得分
guard,警卫
fc,FC.
twice,两次
concert,音乐会
victoria,维多利亚
ball,球
providing,提供
municipal,市政
taught,教导
am,是
damage,损害
opposition,反对
expected,预期的
household,家庭
rail,轨
districts,地区
zone,区
revolution,革命
text,文本
younger,更年轻
becomes,成为
windows,视窗
electric,电的
nominated,提名
bar,酒吧
surrounding,周围
origin,起源
fine,美好的
garden,花园
lady,女士
votes,投票
basic,基本的
reports,举报
identified,确定
liberal,自由主义的
boy,男孩
massachusetts,马萨诸塞州
facility,设施
share,分享
pop,流行音乐
versions,版本
offer,提供
unique,独特的
birth,诞生
note,笔记
von,von.
reduced,减少
scott,斯科特
kept,保存
claims,索赔
painting,绘画
buried,埋葬
sciences,科学
paid,有薪酬的
says,说
disease,疾病
deep,深的
felt,毛毡
representative,代表
box,盒子
ranked,排名
losing,失败
nation,国家
granted,的确
returning,返回
resulting,由此产生
simply,简单地
split,分裂
learning,学习
beyond,超过
classes,班级
medicine,药物
reading,读
image,图片
theater,剧院
trains,火车
owner,所有者
officials,官员
grant,授予
goes,去
something,某物
tells,讲
berlin,柏林
environmental,环境的
machine,机器
jazz,爵士乐
freedom,自由
regions,地区
showed,显示
le,乐
santa,圣诞节
laws,法律
usa,美国
newly,新
fields,领域
doctor,医生
performing,表演
receive,收到
promotion,晋升
suggested,建议
sport,运动
cell,细胞
hong,洪
constitution,宪法
cemetery,公墓
develop,发展
materials,材料
tried,尝试
mile,英里
sixth,第六
planning,规划
subsequent,随后的
gives,给
villages,村庄
founder,创始人
labour,劳工
obtained,获得
horse,马
theme,主题
designated,指定的
finish,结束
price,价钱
effort,努力
cannot,不能
tradition,传统
publication,出版物
kong,孔
brigade,旅
inspired,启发
seats,座位
swedish,瑞典
purpose,目的
allows,允许
authorities,当局
palace,宫
elizabeth,伊丽莎白
attacks,攻击
succeeded,成功
completely,完全地
alternative,选择
cancer,癌症
imperial,imperial
internet,互联网
fame,名声
letters,字母
murder,谋杀
connected,连接的
rome,罗马
achieved,实现
crime,犯罪
ontario,安大略省
joe,乔
philadelphia,费城
funding,资金
lieutenant,中尉
begins,开始
chosen,选择
fully,完全
toronto,多伦多
pakistan,巴基斯坦
squad,队
literary,文学
interview,面试
atlantic,大西洋
animals,动物
cells,细胞
inc,公司
generation,一代
boys,男孩们
figures,数字
situation,情况
del,del
couple,夫妻
existing,现存的
confirmed,确认的
category,类别
conservative,保守的
challenge,挑战
defined,定义
armed,武装
legislative,立法
brazil,巴西
convention,习俗
relatively,相对地
falls,下降
bronze,青铜
volume,体积
injury,受伤
classical,古典
examples,例子
educational,教育学位
billion,十亿
bring,带来
reason,原因
visit,访问
korea,朝鲜
read,读
marked,标记为
religion,宗教
classic,经典的
supply,供应
allowing,允许
acts,行为
labor,劳工
combat,战斗
break,休息
say,说
faculty,学院
look,看
oldest,最老的
vice,副
transfer,转移
frequently,频繁地
methods,方法
towns,城市
agent,代理人
memory,记忆
properties,特性
entitled,题为
orchestra,乐队
reference,参考
settled,sett
steel,钢
bought,买
fans,粉丝
articles,文章
netherlands,荷兰
etc,等等
founding,成立
gallery,画廊
programme,程序
simple,简单的
unable,无法
sides,sides
holds,拥有
portion,部分
ocean,海洋
gun,枪
northwest,西北
mike,麦克风
unknown,未知
battalion,营
claim,宣称
sexual,sexual
audience,观众
refused,拒绝
trust,相信
starring,主演
necessary,必要的
billboard,广告牌
permanent,永恒的
secret,秘密
search,搜索
aired,播出
surname,姓
creating,创造
presidential,总统
guest,客人
peak,顶峰
korean,韩国人
nuclear,核
normal,普通的
retirement,退休
transportation,运输
southeast,东南
exhibition,展览
worldwide,全世界
bc,公元前
institutions,机构
citizens,公民
ultimately,最终
expansion,扩张
conflict,冲突
rank,秩
personnel,人员
risk,风险
application,应用
effective,有效的
covers,盖子
vehicles,车辆
powers,权力
arrested,被捕
storm,风暴
crown,王冠
attempts,尝试
unlike,不像
interior,内部的
ring,戒指
com,com
supporting,支持
partner,伙伴
stock,股票
trees,树木
broke,br
federation,联邦
cd,光盘
kind,种类
extensive,广泛的
holy,圣
oxford,牛津
flying,飞行
want,想
philosophy,哲学
brand,牌
poetry,诗歌
soccer,足球
choice,选择
metres,米
sense,感觉
intelligence,智力
graduate,毕业
alliance,联盟
chris,克里斯
miss,错过
fought,奋斗
documentary,记录
yellow,黄色
perform,履行
entry,入口
copies,副本
phase,阶段
fund,基金
recognition,认出
sets,套
maximum,最大值
hands,hands
commissioned,委托
communist,共产
agricultural,农业
drug,药品
employed,雇用
occupied,占据
standards,标准
jackson,杰克逊
sign,标志
visited,访问了
attempted,尝试
sector,行业
piece,片
people's,人们
sweden,瑞典
offices,办公室
provincial,省级
defence,防御
prevent,防止
rise,上升
internal,内部的
domestic,国内的
receiving,接收
approved,得到正式认可的
edge,边缘
actions,行动
fox,狐狸
dropped,掉下来
needs,需要
powerful,强大的
lot,很多
attacked,遭到攻击
consisted,组成
adult,成人
lyrics,歌词
opposed,反对
sex,性别
children's,孩子们的
factory,工厂
holding,保持
hills,丘陵
tropical,热带
ways,方法
setting,环境
matter,事情
increasing,越来越多
shared,共享
applications,应用程序
guns,枪支
broadcasting,广播
bowl,碗
treaty,条约
vehicle,车辆
bad,坏的
investigation,调查
steve,史蒂夫
quarter,四分之一
someone,某人
greatest,最伟大的
northeast,东北
sunday,星期日
launch,发射
wilson,威尔逊
beat,打
fiction,小说
locations,地点
incorporated,incorporated.
establishment,建立
specifically,具体来说
studios,一室公寓
stay,停留
walls,墙壁
converted,转换了
weekly,每周
programming,编程
functions,职能
ending,结尾
daniel,丹尼尔
animal,动物
arthur,亚瑟
bob,鲍勃
reasons,原因
architect,建筑师
francis,弗朗西斯
criminal,刑事
jim,吉姆
structures,结构
metropolitan,大都会
identity,身份
meant,意思
constituency,选项
bureau,局
condition,健康）状况
churches,教堂
communications,通讯
developing,发展
represent,代表
determined,决定
contributed,贡献
representing,代表
bands,乐队
onto,到
pope,教皇
existence,存在
roads,道路
pieces,件
let,让
speech,演讲
funds,资金
contact,接触
km²,KM².
slightly,轻微地
cape,岬
centuries,几个世纪
begin,开始
question,题
mobile,移动的
wild,荒野
refers,引用
derived,衍生的
aid,援助
express,表达
mill,磨
bass,低音
contest,比赛
ends,结束
qualified,合格的
enemy,敌人
taylor,泰勒
containing,包含
connection,联系
wrestling,摔角
canal,运河
andrew,安德鲁
publishing,出版
focused,专注
wins,赢
athletic,运动
occurs,发生
pilot,飞行员
rare,稀有的
weight,重量
maria,玛丽亚
corner,角落
regarding,关于
glass,玻璃
pair,一对
circuit,电路
doing,正在做
influenced,影响
co,CO.
composition,作品
publications,出版物
invited,邀请
boat,船
write,写
weapons,武器
core,核
writers,作家
faced,面对
electronic,电子的
think,思考
believe,相信
successfully,成功地
engineer,工程师
davis,戴维斯
abandoned,弃
kansas,堪萨斯州
stand,站立
entrance,入口
minnesota,明尼苏达州
why,为什么
educated,教育
wind,风
escape,逃脱
display,展示
mexican,墨西哥人
candidates,候选人
passing,通过
twelve,十二
southwest,西南
count,数数
heat,热
height,高度
birds,鸟类
norwegian,挪威
finishing,精加工
passenger,乘客
target,目标
finds,发现
serious,严肃的
scheduled,预定
proved,证实
americans,美国人
rear,后部
aged,岁
page,页
survey,民意调查
chapel,教堂
cathedral,大教堂
nothing,没有
views,意见
lands,土地
kill,杀
band's,乐队
scale,规模
standing,常设
reform,改革
toward,朝着
sought,寻求
importance,重要性
artillery,炮兵
dynasty,王朝
sr,SR.
selection,选择
quite,相当
composer,作曲家
tennis,网球
carry,携带
agriculture,农业
violence,暴力
temperature,温度
moscow,莫斯科
failure,失败
nfl,NFL.
orders,订单
herself,自己
external,外部的
finals,决赛
melbourne,墨尔本
cambridge,剑桥
contained,含有
occur,发生
piano,钢琴
communication,沟通
ceremony,仪式
heavily,heav
manchester,曼彻斯特
jews,犹太人
missouri,密苏里州
christmas,圣诞节
heard,听到
decades,几十年
straight,直的
card,卡片
institution,机构
journalist,记者
homes,家庭
loan,贷款
muslim,穆斯林
hundred,百
expressed,表达
ideas,思想
introduction,介绍
trying,试
incident,事件
et,ET.
bell,钟
really,真的
inhabitants,居民
reaching,到达
maintained,保持
signal,信号
producing,生产
invasion,侵犯
resistance,反抗
sale,销售
advance,进步
ncaa,NCAA
fuel,燃料
poet,诗人
rich,富有的
opportunity,机会
conservation,保护
shape,形状
indiana,印第安纳州
chemical,化学
patients,耐心
fashion,时尚
investment,投资
sri,斯里
courses,培训班
registered,挂号的
protect,保护
norway,挪威
mind,头脑
roof,屋顶
cold,寒冷的
exist,存在
philippines,菲律宾
hits,击球
motor,马达
motion,运动
consecutive,连续的
follow,跟随
vietnam,越南
colonial,殖民
budget,预算
calls,呼叫
merged,合并
colonel,上校
passes,通过
stephen,斯蒂芬
comic,漫画
laid,奠定
promote,推动
perhaps,也许
historian,历史学家
extension,延期
lewis,刘易斯
broken,破碎的
partnership,合伙
tony,托尼
engaged,已订婚的
tennessee,田纳西州
chamber,chamber
avoid,避免
closely,密切
distinguished,尊敬
typical,典型的
skills,技能
mine,矿
users,用户
screen,屏幕
harry,哈利
dates,日期
causes,原因
residence,住宅
voted,投票
des,DES.
earl,伯爵
hired,雇用
portuguese,葡萄牙语
colorado,科罗拉多州
collected,集
scenes,场景
consisting,组成
employees,雇员
turkey,火鸡
banks,银行
entirely,完全
trail,踪迹
singing,唱歌
joining,加入
downtown,市中心
resigned,辞职
streets,街道
negative,消极的
trained,训练有素
engines,引擎
visual,视觉的
starts,开始
dvd,DVD
junction,交界处
notably,尤其
ad,广告
improved,改善
universities,大学
try,尝试
flow,流动
gene,基因
weather,天气
enter,进入
improve,提升
world's,世界
regarded,被认为是
values,价值
installed,安装了
argued,争辩
getting,得到
details,细节
picture,图片
ford,福特
queensland,昆士兰州
habitat,栖息地
statement,陈述
equal,平等的
observed,观察到的
maryland,马里兰州
establish,建立
ward,ward
bodies,身体
fair,公平的
task,任务
athletics,竞技
stating,陈述
paintings,绘画
stores,店
techniques,技术
web,网页
neighborhood,邻里
attorney,律师
killing,杀戮
oregon,俄勒冈州
city's,城市
chair,椅子
seventh,第七
flag,旗帜
additionally,此外
don,大学教师
eye,眼睛
mining,矿业
arizona,亚利桑那
costs,成本
teachers,老师
compete,竞争
strength,力量
organisation,组织
adjacent,邻近的
spot,点
evening,晚上
amateur,业余
hope,希望
parliamentary,议会
crisis,危机
winners,赢家
sections,章节
dam,坝
albert,阿尔伯特
turkish,土耳其
spirit,精神
interests,兴趣
address,地址
die,死
khan,汗
looking,看着
causing,造成
coal,煤炭
humans,人类
switzerland,瑞士
links,链接
describes,描述
chapter,章节
anniversary,周年纪念日
wisconsin,威斯康星州
seconds,秒
walter,沃尔特
productions,制作
briefly,简要地
objects,对象
vocals,声乐
grounds,理由
controlled,受控
cabinet,内阁
formula,公式
musicians,音乐家
easily,容易地
operate,操作
ruled,统治
arena,竞技场
driver,司机
directors,董事
foot,脚
courts,法院
divisions,划分
membership,会员资格
protein,蛋白质
rivers,河流
session,会议
borough,自治市镇
talk,讲话
seems,似乎
distributed,分散式
du,杜
calling,打电话
goods,商品
purchase,购买
ahead,先
electoral,选举
chance,机会
wars,战争
duty,责任
ethnic,种族的
gain,获得
chose,选择
combination,组合
expedition,远征
legacy,遗产
ben,班
concluded,结论
earliest,最早
formal,正式的
controversy,争议
didn't,没有
residential,住宅
di,迪
reduce,降低
reality,现实
survived,幸免于
singapore,新加坡
egypt,埃及
statistics,统计数据
participate,参加
credit,信用
chain,链
reaction,反应
affected,做作的
counties,县
kentucky,肯塔基州
businesses,企业
routes,路线
stands,站立
designs,设计
actual,实际的
regularly,经常
discovery,发现
miller,磨坊主
persons,person
criticism,批评
images,图片
poverty,贫困
hour,小时
islamic,伊斯兰教
iv,IV.
commune,公社
factor,因素
decade,十年
strike,罢工
dean,院长
commonwealth,联邦
folk,民间
operates,操作
contain,包含
rooms,房间
cycle,循环
degrees,程度
brief,简短的
prix,pr
coastal,沿海
howard,霍华德
outstanding,杰出的
link,关联
austria,奥地利
leads,领导者
fm,调频
brian,布莱恩
trophy,杯
emergency,紧急情况
racial,种族馆
plus,加
bottom,底部
finance,金融
pro,pro
reign,统治
ones,那些
diego,迭戈
scholars,学者
items,项目
selling,卖
shooting,射击
accused,被告
progress,进步
capture,捕获
device,设备
pictures,图片
demand,要求
row,排
injured,受伤
greece,希腊
gets,得到
shop,店铺
meanwhile,同时
opposite,对面的
dry,干燥
underground,地下
contributions,贡献
apart,除了
appeal,上诉
crossing,横渡
musician,音乐家
assistance,帮助
moth,蛾
factors,因素
debuted,首次亮相
charges,收费
soundtrack,原声带
swiss,瑞士人
rating,评分
universal,普遍的
charts,图表
orange,橘子
owners,拥有者
painted,绘
driving,驾驶
sam,萨姆
behavior,行为
associate,联系
faith,信仰
praised,赞美
elementary,初级
stages,阶段
thousands,成千上万
maintain,维持
medieval,中世纪
understanding,理解
ltd,有限公司
premiered,首先
manufacturing,制造业
demographics,人口统计学
passengers,乘客
attached,随附的
advantage,优势
attend,参加
landing,降落
drawn,画
request,要求
scheme,方案
houston,休斯顿
documents,文件
committed,坚定的
simon,西蒙
drew,dr
offensive,进攻
sequence,序列
worth,值得
rejected,拒绝了
mathematics,数学
collaboration,合作
defensive,防守
accident,事故
path,小路
door,门
golf,高尔夫球
hollywood,好莱坞
otherwise,除此以外
arab,阿拉伯
diocese,教区
fast,快速地
distinct,清楚的
headed,head
senator,参议员
extra,额外的
contrast,对比
wounded,伤员
represents,代表
eyes,eyes
ep,EP.
insurance,保险
measures,措施
hamilton,汉密尔顿
economics,经济学
nor,也不
biggest,最大
extremely,极其
credited,记入
priest,牧师
purposes,用途
classification,分类
jean,jean
creative,有创造力的
samuel,塞缪尔
bird,鸟
stood,st
minute,分钟
responsibility,责任
starred,主演
ali,阿里
replace,代替
czech,捷克语
flowers,花卉
legislation,立法
duties,职责
mean,意思
charged,带电
iowa,爱荷华州
company's,公司
retained,保留
damaged,损坏的
ownership,所有权
showing,显示
dog,狗
artistic,艺术的
trip,旅行
flat,平坦的
louisiana,路易斯安那州
caught,抓住
require,要求
whilst,同时
quebec,魁北克
tries,尝试
afterwards,然后
painter,画家
determine,决定
popularity,人气
israeli,以色列
delivered,发表
turns,轮流
jesus,耶稣
ages,岁
learned,学到了
restaurant,餐厅
colony,殖民地
danish,丹麦语
accompanied,陪同
assumed,假定
ray,射线
qualifying,资格赛
protected,保护
subjects,主题
roughly,大致
measure,措施
frederick,弗雷德里克
step,步
detroit,底特律
difference,区别
severe,严重
equivalent,相等的
object,目的
saturday,周六
admitted,录取
marketing,营销
translated,翻译
puerto,波多黎各
restored,恢复
circle,圆圈
differences,差异
competitions,比赛
policies,政策
philip,菲利普
kings,国王
significantly,显着地
arrival,到达
leg,腿
peninsula,半岛
sell,卖
relief,宽慰
comics,漫画
brain,脑
heads,头
wave,海浪
ukrainian,乌克兰
experienced,有经验的
returns,回报
respect,尊重
broad,广阔
dating,约会
adapted,改编
strategy,战略
aviation,航空
aspects,方面
separated,分开
novels,小说
oklahoma,俄克拉荷马州
juan,胡安
resolution,解析度
devices,设备
argentina,阿根廷
beautiful,美丽的
translation,翻译
actors,演员
waters,水域
baby,婴儿
twenty,二十
losses,亏损
missing,丢失的
relative,相对的
testing,测试
alabama,阿拉巴马州
occupation,职业
lawyer,律师
mississippi,密西西比人
carrying,携带
storage,贮存
father's,父亲
vision,想象
coalition,联盟
instruments,仪器
anthony,安东尼
physics,物理
pattern,图案
soul,灵魂
fighter,战斗机
king's,国王
window,窗户
allied,盟国
christ,基督
magic,魔法
blues,布鲁斯
fired,发射
princess,公主
requirements,要求
depending,取决于
practices,实践
suggests,建议
everything,一切
acid,酸
wings,翅膀
douglas,道格拉斯
meters,米
stopped,停了下来
defeating,击败
journey,旅行
infrastructure,基础设施
involving,涉及
iraq,伊拉克
ridge,岭
guide,指导
anderson,安德森
fishing,钓鱼
schedule,日程
technique,技术
solution,解决方案
partners,伙伴
questions,问题
collections,收藏品
concerns,担心
map,地图
rates,税率
visitors,游客
feel,感觉
inner,内
belgium,比利时
markets,市场
gender,性别
charter,宪章
debate,辩论
moon,月亮
gardens,花园
antonio,安东尼奥
steam,蒸汽
gulf,海湾
formally,正式
mrs,太太
indigenous,土着
dublin,都柏林
grey,灰色的
childhood,童年
opinion,观点
mental,精神的
ottoman,奥斯曼
socialist,社会主义者
context,语境
terminal,终端
guitarist,吉他手
authors,作者
honours,荣誉
watch,手表
swimming,游泳
adam,亚当
harvard,哈佛
prepared,准备好
brick,砖
allen,艾伦
definition,定义
soil,土壤
criticized,批评
components,成分
continuing,继续
parallel,平行线
flows,流动
replacement,替代品
forests,森林
stayed,留下来
classified,分类
da,达
clark,克鲁克
successor,接班人
bear,熊
pool,水池
frame,框架
coverage,覆盖范围
covering,覆盖
industries,行业
gordon,戈登
tank,坦克
miami,迈阿密
lincoln,林肯
papers,文件
i'm,我是
temporary,暂时的
wine,葡萄酒
characteristics,特征
tell,告诉
honorary,名誉
shore,支撑
arranged,安排
brazilian,巴西人
grow,生长
satellite,卫星
monument,纪念碑
legislature,立法机关
sisters,姐妹
tamil,泰米尔
none,没有任何
finding,发现
corporate,公司的
denmark,丹麦
der,der
ensure,确保
networks,网络
gay,同性恋者
threat,威胁
requires,需要
anne,安妮
capable,有能力的
linked,联系
offering,提供
cavalry,骑兵
expression,表达
boundary,边界
message,信息
connecticut,康涅狄格州
tests,测试
occasionally,偶尔
appearing,出现
max,最大限度
parks,公园
commissioner,专员
revival,复兴
script,脚本
montreal,蒙特利尔
eleven,十一
tokyo,东京
dream,梦
whereas,然而
reputation,名声
rescue,救援
orthodox,正统
instance,实例
patrick,帕特里克
sky,天空
alan,艾伦
constant,持续的
restoration,恢复
operational,操作
critic,评论家
wooden,木制的
limit,限制
gone,去了
hosts,主持人
influential,有影响
voivodeship,voivodeShip.
salt,盐
ago,前
couples,夫妻
branches,分支机构
thing,事物
cable,电缆
laboratory,实验室
metro,地铁
ukraine,乌克兰
considerable,大量
edinburgh,爱丁堡
somewhat,有些
employment,就业
entering,进入
element,元素
cinema,电影
raise,增加
adding,添加
user,用户
solar,太阳的
accounts,账户
eighth,第八
poem,诗
vs,vs.
listing,清单
strategic,战略
origins,起源
medals,奖牌
atlanta,亚特兰大
increasingly,日益
depression,沮丧
prisoners,囚犯
visiting,访问
celebrated,著名
narrow,狭窄的
proper,恰当的
adults,成年人
processes,流程
huge,巨大的
centers,中心
threatened,威胁
victims,受害者
decline,衰退
revolutionary,革命
austrian,奥地利
meets,见面
coaching,教练
cleveland,克利夫兰
rapid,迅速的
initiative,倡议
trading,贸易
walk,走
planet,行星
amongst,其中
annually,每年
peaked,达到顶峰
architectural,建筑
dan,担
franchise,特许经营
forming,成型
newspapers,报纸
rice,白饭
ambassador,大使
ryan,瑞安
jobs,工作
welsh,威尔士语
achieve,达到
rising,升起
portugal,葡萄牙
charity,慈善机构
declined,拒绝
tunnel,隧道
en,EN.
concrete,具体的
filled,填充
kevin,凯文
domain,领域
eric,埃里克
cards,牌
vienna,维也纳
surgery,外科手术
participation,参加
territories,领土
camera,相机
strongly,强烈
credits,学分
proposal,提议
benefit,益处
fixed,固定的
appointment,预约
plane,飞机
universe,宇宙
consider,考虑
themes,主题
competing,竞争
legend,传奇
anna,安娜
maintenance,维护
replacing,更换
audio,声音的
lawrence,劳伦斯
tied,捆绑
tall,高
moore,摩尔
learn,学习
anything,任何事物
surviving,幸存
helping,帮助
bringing,带来
neither,两者都不
liverpool,利物浦
honors,荣誉
versus,相对
filmed,拍摄
cited,引用
basin,盆地
modified,修改的
hair,头发
frequency,频率
surrounded,包围
vessels,船只
involvement,参与
mouth,嘴
explained,解释
constitutional,宪法
speak,说话
changing,改变
tribe,部落
landscape,风景
completion,完成
dated,约会
gate,门
mode,模式
malaysia,马来西亚
abbey,修道院
lists,清单
grown,长大的
movies,电影
conduct,执行
uncle,叔叔
existed,存在
safe,安全的
tools,工具
springs,泉水
suicide,自杀
graduating,毕业
baltimore,巴尔的摩
hundreds,数百
seattle,西雅图
movements,运动
struck,str
truth,真相
arm,手臂
doubles,双打
vocal,voc
masters,硕士学位
cm,厘米
roger,罗杰
josé,乔西
advertising,广告
easy,简单
electrical,电气
colleges,大学
experimental,实验
fan,扇子
honour,荣誉
skin,皮肤
mounted,登上
margaret,玛格丽特
monastery,修道院
happened,发生了
signing,签署
drawing,画画
missions,任务
integrated,融合的
studying,学习
ranking,排行
summit,首脑
manner,方式
speaker,扬声器
lakes,湖泊
li,李
las,拉斯
hungarian,匈牙利
occasions,偶发
walker,沃克
talent,天赋
edited,编辑
filed,提起
designer,设计师
experiences,经历
gmina,GMINA
representation,表示
apparently,显然
rounds,回合
massive,大量的
horses,马匹
indonesia,印度尼西亚
indicated,表明的
pittsburgh,匹兹堡
poems,诗歌
nomination,提名
tourism,旅游
illegal,非法的
meetings,会晤
bush,衬套
makeup,化妆品
elevation,海拔
team's,队
progressive,进步
secure,安全的
controversial,有争议的
lasted,持久
kent,肯特
stream,溪流
mp,MP.
dave,戴夫
revenue,收入
spiritual,精神
clinical,临床
superior,优越的
output,输出
dna,脱氧核糖核酸
hungary,匈牙利
minimum,最低限度
rio,里约热内卢
kim,金
moment,片刻
eliminated,淘汰
styles,风格
touring,巡回赛
solid,坚硬的
bears,熊
touchdown,接地
principles,原则
speaking,请讲
scholarship,奖学金
net,网
medium,中等的
concerts,音乐会
denied,否认
column,柱子
thousand,千
colour,颜色
equipped,装备
effectively,有效地
shell,贝壳
carl,嘉
normally,一般
extreme,极端
producers,生产者
turning,转身
index,指数
rival,竞争对手
bond,键
feed,喂养
unusual,异常
hence,因此
alex,亚历克斯
supporters,支持者
harris,哈里斯
baron,男爵
jordan,约旦
license,执照
option,选项
alleged,所谓的
broadway,百老汇
similarly,相似地
perfect,完美的
adaptation,适应
penalty,惩罚
bruce,布鲁斯
slow,减缓
desert,沙漠
dallas,达拉斯
voting,表决
attracted,吸引了
kennedy,肯尼迪
visible,可见的
ross,罗斯
vessel,血管
borders,边界
singh,辛格
portrayed,刻画
knew,kn
sarah,莎拉
transit,过境
fly,飞
approval,赞同
phone,电话
club's,俱乐部
accept,接受
shares,分享
abc,ABC
videos,视频
romania,罗马尼亚
resident,居民
outer,外
fruit,水果
executed,执行
widespread,广泛
arkansas,阿肯色州
morgan,摩根
rapidly,迅速
roots,根
birmingham,伯明翰
siege,围城
arrest,逮捕
participants,参与者
finland,芬兰
sugar,糖
gradually,逐步地
concern,忧虑
concerned,担心的
nba,NBA.
merchant,商人
traditionally,传统上
scholar,学者
greatly,大大
panel,控制板
agencies,代理机构
happy,快乐的
competitive,竞争的
document,文档
thereafter,此后
jane,简
acted,采取行动
weekend,周末
departure,离开
blocks,块
depth,深度
recommended,受到推崇的
nazi,纳粹
kelly,凯莉
favor,赢
austin,奥斯汀
compilation,汇编
tim,蒂姆
benefits,好处
processing,加工
engineers,工程师
assault,突击
commerce,商业
fictional,虚构
innings,局
battery,电池
traveled,旅行
pick,挑选
sessions,会话
wildlife,野生动物
knight,骑士
file,文件
matt,镭
railways,铁路
franklin,富兰克林
passage,通道
populations,人口
exception,例外
hero,英雄
researchers,研究人员
treated,对待
beauty,美丽
agents,代理人
begun,开始了
jimmy,吉米
printed,打印
bachelor,学士
fear,害怕
spoken,说
transition,过渡
victorian,维多利亚时代
governments,政府
twin,双胞胎
mills,米尔斯
billy,b
snow,雪
donated,捐赠
describe,描述
russell,罗素
provinces,省份
evolution,进化
diameter,直径
exists,存在
relationships,关系
cousin,表哥
wedding,婚礼
carbon,碳
nevertheless,尽管如此
injuries,伤害
chemistry,化学
supplies,补给品
everyone,每个人
transmission,传播
historically,历史上
opportunities,机会
venue,地点
encouraged,鼓励
abroad,国外
ratio,比率
contribution,贡献
channels,渠道
continental,大陆
drugs,毒品
indians,印度人
scientists,科学家们
instrumental,乐器
country's,国家
print,打印
friendly,友好的
releases,发布
ready,准备好
achievement,成就
intersection,路口
boats,船
genre,类型
significance,意义
christopher,克里斯托弗
remainder,余
